Gene Symbol	Name	Entrez GeneId	Genome Location	Tier	Tumour Types(Somatic)	Tumour Types(Germline)	Cancer Syndrome	Translocation Partner	Synonyms
ABI1	abl-interactor 1	10006	10:26746593-26860935	1	AML			KMT2A	"10006,ABI-1,ABI1,E3B1,ENSG00000136754.17,Q8IZP0,SSH3BP1"
ABL1	v-abl Abelson murine leukemia viral oncogene homolog 1	25	9:130713946-130885683	1	"CML, ALL, T-ALL"			"BCR, ETV6, NUP214"	"25,ABL,ABL1,ENSG00000097007.17,JTK7,P00519,c-ABL,p150"
ABL2	"c-abl oncogene 2, non-receptor tyrosine kinase"	27	1:179099327-179229601	1	AML			ETV6	"27,ABL2,ABLL,ARG,ENSG00000143322.19,P42684"
ACKR3	atypical chemokine receptor 3	57007	2:236569641-236582358	1	lipoma			HMGA2	"57007,ACKR3,CMKOR1,CXCR7,ENSG00000144476.5,GPR159,P25106,RDC1"
ACSL3	acyl-CoA synthetase long-chain family member 3	2181	2:222860934-222944639	1	prostate			ETV1	"2181,ACS3,ACSL3,ENSG00000123983.13,FACL3,O95573,PRO2194"
AFDN	"myeloid/lymphoid or mixed-lineage leukemia (trithorax homolog, Drosophila); translocated to, 4 (AF6)"	4301	6:167827635-167970232	1	AL			KMT2A	"4301,AF-6,AF6,AFDN,ENSG00000130396.20,MLLT4"
AFF1	"AF4/FMR2 family, member 1"	4299	4:86935002-87141054	1	AL			KMT2A	"4299,AF-4,AF4,AFF1,ENSG00000172493.20,MLLT2,P51825,PBM1"
AFF3	"AF4/FMR2 family, member 3"	3899	2:99551121-100106128	1	"ALL, T-ALL"			"KMT2A, RUNX1"	"3899,AFF3,ENSG00000144218.18,LAF4,MLLT2-like,P51826"
AFF4	"AF4/FMR2 family, member 4"	27125	5:132875379-132963634	1	ALL			KMT2A	"27125,AF5Q31,AFF4,ENSG00000072364.12,MCEF,Q9UHB7"
ALK	anaplastic lymphoma kinase (Ki-1)	238	2:29192774-29921566	1	"ALCL, NSCLC, neuroblastoma, inflammatory myofibroblastic tumour, Spitzoid tumour"	neuroblastoma	familial neuroblastoma	"NPM1, TPM3, TFG, TPM4, ATIC, CLTC, MSN, RNF213, CARS, EML4, KIF5B, C2orf22, DCTN1, HIP1, TPR, RANBP2, PPFIBP1, SEC31A, STRN, VCL, C2orf44, KLC1"	"238,ALK,CD246,ENSG00000171094.17,Q9UM73"
ARHGAP26	Rho GTPase activating protein 26	23092	5:142770377-143229011	1	"AML, MDS"			KMT2A	"23092,ARHGAP26,ENSG00000145819.16,GRAF,KIAA0621,OPHN1L,OPHN1L1,Q9UNA1"
ARHGEF12	RHO guanine nucleotide exchange factor (GEF) 12 (LARG)	23365	11:120337078-120489936	1	AML			KMT2A	"23365,ARHGEF12,ENSG00000196914.8,KIAA0382,LARG,Q9NZN5"
ARID1A	AT rich interactive domain 1A (SWI-like)	8289	1:26696033-26782110	1	"clear cell ovarian carcinoma, RCC, breast"			MAST2	"8289,ARID1A,B120,BAF250,BAF250a,C10rf4,C1orf4,ENSG00000117713.19,O14497,P270,SMARCF1"
ARNT	aryl hydrocarbon receptor nuclear translocator	405	1:150809705-150876768	1	AML			ETV6	"405,ARNT,ENSG00000143437.20,HIF-1beta,P27540,bHLHe2"
ASPSCR1	"alveolar soft part sarcoma chromosome region, candidate 1"	79058	17:81977550-82017404	1	alveolar soft part sarcoma			TFE3	"79058,ASPL,ASPS,ASPSCR1,ENSG00000169696.15,Q9BZE9,TUG,UBXD9,UBXN9"
ATF1	activating transcription factor 1	466	12:50764292-50821122	1	"malignant melanoma of soft parts, angiomatoid fibrous histiocytoma"			"EWSR1, FUS"	"466,ATF1,ENSG00000123268.8,P18846,TREB36"
ATIC	5-aminoimidazole-4-carboxamide ribonucleotide formyltransferase/IMP cyclohydrolase	471	2:215311817-215349763	1	ALCL			ALK	"471,AICARFT,ATIC,ENSG00000138363.14,IMPCHASE,P31939,PURH"
BCL10	B-cell CLL/lymphoma 10	8915	1:85266248-85277090	1	MALT			IGH	"8915,BCL10,CARMEN,CIPER,CLAP,ENSG00000142867.12,O95999,c-E10,mE10"
BCL11A	B-cell CLL/lymphoma 11A	53335	2:60457192-60555154	1	B-CLL			IGH	"53335,BCL11A,BCL11A-L,BCL11A-S,BCL11A-XL,CTIP1,ENSG00000119866.21,EVI9,HBFQTL5,ZNF856"
BCL11B	B-cell CLL/lymphoma 11B  (CTIP2)	64919	14:99169287-99271228	1	T-ALL			TLX3	"64919,BCL11B,CTIP-2,CTIP2,ENSG00000127152.17,Q9C0K0,ZNF856B,hRIT1-alpha"
BCL2	B-cell CLL/lymphoma 2	596	18:63123346-63320128	1	"NHL, CLL"			IGH	"596,BCL2,Bcl-2,ENSG00000171791.12,P10415,PPP1R50"
BCL3	B-cell CLL/lymphoma 3	602	19:44748547-44760044	1	CLL			IGH	"602,BCL3,BCL4,D19S37,ENSG00000069399.14,P20749"
BCL6	B-cell CLL/lymphoma 6	604	3:187721377-187745727	1	"NHL, CLL"			"IG loci, ZNFN1A1, LCP1, PIM1, TFRC, CIITA, NACA, HSPCB, HSP90AA1, HIST1H4I, IL21R,  POU2AF1, RHOH, EIF4A2, SRSF3"	"604,BCL5,BCL6,BCL6A,ENSG00000113916.17,LAZ3,P41182,ZBTB27,ZNF51"
BCL7A	B-cell CLL/lymphoma 7A	605	12:122019422-122062044	1	BNHL			MYC	"605,BCL7,BCL7A,ENSG00000110987.8,Q4VC05"
BCL9	B-cell CLL/lymphoma 9	607	1:147541412-147626216	1	B-ALL			"IGH, IGL"	"607,BCL9,ENSG00000116128.10,O00512"
BCOR	BCL6 corepressor	54880	X:40051248-40097403	1	"retinoblastoma, AML, APL (translocation)"			RARA	"54880,BCOR,ENSG00000183337.16,FLJ20285,KIAA1575,Q6W2J9"
BCR	breakpoint cluster region	613	22:23180210-23318037	1	"CML, ALL, AML"			"ABL1,  FGFR1, JAK2"	"613,ALL,BCR,BCR1,CML,D22S11,D22S662,ENSG00000186716.20,P11274,PHL"
BIRC3	baculoviral IAP repeat-containing 3	330	11:102317495-102337734	1	"CLL, MALT, MCL, MM"			MALT1	"330,API2,BIRC3,ENSG00000023445.13,MALT2,MIHC,Q13489,RNF49,c-IAP2,cIAP2,hiap-1"
BRAF	v-raf murine sarcoma viral oncogene homolog B1	673	7:140730665-140924928	1	"melanoma, colorectal, papillary thyroid, borderline ovarian, NSCLC, cholangiocarcinoma, pilocytic astrocytoma, Spitzoid tumour, pancreas acinar carcinoma, melanocytic nevus, prostate, gastric"			"AKAP9, KIAA1549, CEP88, LSM14A, SND1, FCHSD1, SLC45A3, FAM131B, RNF130, CLCN6, MKRN1, GNAI1, AGTRAP"	"673,BRAF,BRAF1,ENSG00000157764.13"
BRD3	bromodomain containing 3	8019	9:134030305-134068017	1	lethal midline carcinoma of young people			NUTM1	"8019,BRD3,ENSG00000169925.16,KIAA0043,ORFX,Q15059,RING3L"
BRD4	bromodomain containing 4	23476	19:15235519-15280451	1	lethal midline carcinoma of young people			NUTM1	"23476,BRD4,CAP,ENSG00000141867.17,HUNK1,HUNKI,MCAP,O60885"
BTG1	"B-cell translocation gene 1, anti-proliferative"	694	12:92140278-92145897	1	B-CLL			MYC	"694,APRO2,BTG1,ENSG00000133639.4,P62324"
CAMTA1	calmodulin binding transcription activator 1	23261	1:6785324-7769706	1	epithelioid haemangioendothelioma			WWTR1	"23261,CAMTA1,ENSG00000171735.18,KIAA0833,Q9Y6Y1"
CANT1	calcium activated nucleotidase 1	124583	17:78991717-79009817	1	prostate			ETV4	"124583,CANT1,ENSG00000171302.16,Q8WVQ1,SCAN-1,SHAPY"
CARS	cysteinyl-tRNA synthetase	833	11:3000922-3057437	1	ALCL			ALK	"833,CARS,CARS1,ENSG00000110619.17,P49589"
CBFA2T3	"core-binding factor, runt domain, alpha subunit 2; translocated to, 3 (MTG-16)"	863	16:88874858-88977204	1	AML			"RUNX1, GLIS2"	"863,CBFA2T3,ENSG00000129993.14,ETO2,MTG16,MTGR2,O75081,RUNX1T3,ZMYND4"
CBFB	"core-binding factor, beta subunit"	865	16:67029245-67101022	1	AML			MYH11	"865,CBFB,ENSG00000067955.13,PEBP2B,Q13951"
CBL	Cas-Br-M (murine) ecotropic retroviral transforming	867	11:119206276-119308149	1	"AML, JMML, MDS"			KMT2A	"867,CBL,CBL2,ENSG00000110395.6,P22681,RNF55,c-Cbl"
CCDC6	coiled-coil domain containing 6	8030	10:59788763-59906656	1	"papillary thyroid, CML, NSCLC"			"RET, PDGFRB"	"8030,CCDC6,D10S170,ENSG00000108091.10,H4,PTC,Q16204,TPC,TST1"
CCNB1IP1	"cyclin B1 interacting protein 1, E3 ubiquitin protein ligase"	57820	14:20311368-20333312	1	leiomyoma			HMGA2	"57820,C14orf18,CCNB1IP1,ENSG00000100814.17,HEI10,Q9NPC3"
CCND1	cyclin D1	595	11:69641087-69654474	1	"CLL, B-ALL, breast"			"IGH, FSTL3"	"595,BCL1,CCND1,D11S287E,ENSG00000110092.3,P24385,PRAD1,U21B31"
CCND2	cyclin D2	894	12:4273772-4305350	1	"NHL,CLL"			IGL	"894,CCND2,ENSG00000118971.7,P30279"
CCND3	cyclin D3	896	6:41934933-41941848	1	MM			IGH	"896,CCND3,ENSG00000112576.12,P30281"
CD274	CD274 molecule	29126	9:5450525-5470547	1	"PMBL, Hodgkin lymphoma"			CIITA	"29126,B7-H,B7-H1,B7H1,CD274,ENSG00000120217.13,PD-L1,PDCD1LG1,PDL1,Q9NZQ7"
CD74	"CD74 molecule, major histocompatibility complex, class II invariant chain"	972	5:150402152-150412751	1	NSCLC			"ROS1, NRG1"	"972,CD74,DHLAG,ENSG00000019582.14,P04233"
CDH11	"cadherin 11, type 2, OB-cadherin (osteoblast)"	1009	16:64943753-65122198	1	aneurysmal bone cyst			USP6	"1009,CAD11,CDH11,ENSG00000140937.13,OB,P55287"
CDK6	cyclin-dependent kinase 6	1021	7:92604921-92833917	1	ALL			MLLT10	"1021,CDK6,ENSG00000105810.9,PLSTIRE,Q00534"
CDX2	caudal type homeo box transcription factor 2	1045	13:27962137-27971139	1	AML			ETV6	"1045,CDX2,CDX3,ENSG00000165556.9,Q99626"
CHCHD7	coiled-coil-helix-coiled-coil-helix domain containing 7	79145	8:56211756-56218615	1	salivary adenoma			PLAG1	"79145,CHCHD7,COX23,ENSG00000170791.17,MGC2217,Q9BUK0"
CIC	capicua homolog	23152	19:42284665-42295797	1	"oligodendroglioma, soft tissue sarcoma"			"DUX4L1, FOXO4"	"23152,CIC,ENSG00000079432.7,KIAA0306,Q96RK0"
CIITA	"class II, major histocompatibility complex, transactivator"	4261	16:10877198-10924983	1	"PMBL, Hodgkin lymphoma"			"C15orf55, CD274, PDCD1LG2, RALGDS, RUNDC2A, RMI2, BCL6"	"4261,C2TA,CIITA,ENSG00000179583.19,MHC2TA,NLRA"
CLIP1	CAP-GLY domain containing linker protein 1	6249	12:122271434-122422569	1	Spitzoid tumour			ROS1	"6249,CLIP,CLIP-170,CLIP1,CLIP170,CYLN1,ENSG00000130779.19,P30622,RSN"
CLTC	"clathrin, heavy polypeptide (Hc)"	1213	17:59619689-59696956	1	"ALCL, renal"			"ALK, TFE3"	"1213,CLTC,CLTCL2,ENSG00000141367.11,Hc"
CLTCL1	"clathrin, heavy polypeptide-like 1"	8218	22:19179473-19291714	1	ALCL			?	"8218,CHC22,CLH22,CLTCL,CLTCL1,CLTD,ENSG00000070371.15,P53675"
CNBP	"CCHC-type zinc finger, nucleic acid binding protein"	7555	3:129170102-129183910	1	aneurysmal bone cyst			USP6	"7555,CNBP,CNBP1,DM2,ENSG00000169714.16,P62633,RNF163,ZCCHC22,ZNF9"
CNTRL	centriolin	11064	9:121075012-121177608	1	"MPN, NHL"			FGFR1	"11064,CEP1,CEP110,CNTRL,ENSG00000119397.16,Q7Z7A1"
COL1A1	"collagen, type I, alpha 1"	1277	17:50183289-50201632	1	"DFSP, aneurysmal bone cyst"			"PDGFB, USP6"	"1277,COL1A1,ENSG00000108821.13,OI4,P02452"
COL2A1	"collagen, type II, alpha 1"	1280	12:47972965-48004486	1	"chondrosarcoma, enchondroma"				"1280,AOM,COL2A1,ENSG00000139219.18,P02458,SEDC,STL1"
CREB1	cAMP responsive element binding protein 1	1385	2:207529892-207603431	1	"clear cell sarcoma, angiomatoid fibrous histiocytoma"			EWSR1	"1385,CREB1,ENSG00000118260.14,P16220"
CREB3L1	cAMP responsive element binding protein 3-like 1	90993	11:46277661-46321422	1	myxofibrosarcoma			FUS	"90993,CREB3L1,ENSG00000157613.10,OASIS,Q96BA8"
CREB3L2	cAMP responsive element binding protein 3-like 2	64764	7:137874979-138002057	1	fibromyxoid sarcoma			FUS	"64764,BBF2H7,CREB3L2,ENSG00000182158.14,Q70SY1,TCAG_1951439"
CREBBP	CREB binding protein (CBP)	1387	16:3725054-3880726	1	"ALL, AML, DLBCL, B-NHL"			"KMT2A, MORF, KAT6A"	"1387,CBP,CREBBP,ENSG00000005339.14,KAT3A,Q92793,RSTS,RTS"
CRLF2	cytokine receptor-like factor 2	64109	X:1190490-1212750	1	"B-ALL, Downs associated ALL"			"P2RY8, IGH"	"64109,CRL2,CRLF2,ENSG00000205755.11,Q9HC73,TSLPR"
CRTC1	CREB regulated transcription coactivator 1	23373	19:18683678-18782333	1	salivary gland mucoepidermoid			MAML2	"23373,CRTC1,ENSG00000105662.15,FLJ14027,KIAA0616,MECT1,Q6UUV9,TORC1"
CRTC3	CREB regulated transcription coactivator 3	64784	15:90530068-90642813	1	salivary gland mucoepidermoid			MAML2	"64784,CRTC3,ENSG00000140577.15,FLJ21868,Q6UUV7"
CTNNB1	"catenin (cadherin-associated protein), beta 1"	1499	3:41220551-41239888	1	"colorectal, ovarian,  hepatoblastoma, pleomorphic salivary gland adenoma, other tumour types"			PLAG1	"1499,CTNNB,CTNNB1,ENSG00000168036.17,armadillo,beta-catenin"
CUX1	cut-like homeobox 1	1523	7:101816011-102258233	1	"endometrial, melanoma, colorectal, AML, MDS, other tumour types"			CLDN7	"1523,CASP,CDP,CDP/Cut,CDP/Cux,CDP1,CUT,CUTL1,CUX,CUX1,Clox,Cux/CDP,ENSG00000257923.10,GOLIM6,P39880"
DCTN1	dynactin 1	1639	2:74361154-74380355	1	"inflammatory myofibroblastic tumour, Spitzoid tumour"			"ALK, ROS1"	"1639,DCTN1,ENSG00000204843.12,Q14203"
DDIT3	DNA-damage-inducible transcript 3	1649	12:57516589-57520517	1	liposarcoma			"FUS, EWSR1"	"1649,CHOP,CHOP10,DDIT3,ENSG00000175197.12,GADD153,P35638"
DDX10	DEAD (Asp-Glu-Ala-Asp) box polypeptide 10	1662	11:108665025-108940930	1	AML*			NUP98	"1662,DDX10,Dbp4,ENSG00000178105.9,HRH-J8,Q13206"
DDX5	DEAD (Asp-Glu-Ala-Asp) box polypeptide 5	1655	17:64499616-64506521	1	prostate			ETV4	"1655,DDX5,ENSG00000108654.14,G17P1,HLR1,P17844,p68"
DDX6	DEAD (Asp-Glu-Ala-Asp) box polypeptide 6	1656	11:118747766-118790948	1	B-NHL			IGH	"1656,DDX6,ENSG00000110367.11,HLR2,P26196,RCK"
DEK	DEK oncogene (DNA binding)	7913	6:18223868-18264823	1	AML			NUP214	"7913,D6S231E,DEK,ENSG00000124795.14,P35659"
DNAJB1	DnaJ heat shock protein family (Hsp40) member B1	3337	19:14514770-14518420	1	fibrolamellar hepatocellular carcinoma			PRKACA	"3337,DNAJB1,ENSG00000132002.7,HSPF1,Hsp40,P25685,RSPH16B,Sis1"
EBF1	early B-cell factor 1	1879	5:158695920-159099761	1	lipoma			HMGA2	"1879,COE1,EBF,EBF1,ENSG00000164330.16,OLF1,Q9UH73"
EIF3E	"eukaryotic translation initiation factor 3, subunit E"	3646	8:108201743-108248765	1	colorectal			RSPO3	"3646,EIF3E,EIF3S6,ENSG00000104408.9,INT6,P60228,eIF3-p48,eIF3e"
EIF4A2	"eukaryotic translation initiation factor 4A, isoform 2"	1974	3:186783547-186789900	1	NHL			BCL6	"1974,BM-010,DDX2B,EIF4A,EIF4A2,EIF4F,ENSG00000156976.16,Q14240"
ELF4	E74-like factor 4 (ets domain transcription factor)	2000	X:130064928-130110495	1	AML			ERG	"2000,ELF4,ELFR,ENSG00000102034.16,MEF,Q99607"
ELK4	"ELK4, ETS-domain protein (SRF accessory protein 1)"	2005	1:205607943-205631962	1	prostate			SLC45A3	"2005,ELK4,ENSG00000158711.13,P28324,SAP1"
ELL	ELL gene (11-19 lysine-rich leukemia gene)	8178	19:18442663-18522127	1	AL			KMT2A	"8178,C19orf17,ELL,ELL1,ENSG00000105656.12,Men,P55199,PPP1R68"
EML4	echinoderm microtubule associated protein like 4	27436	2:42169350-42332548	1	NSCLC			ALK	"27436,C2orf2,ELP120,EML4,ENSG00000143924.18,Q9HC35,ROPP120"
EP300	300 kd E1A-Binding protein gene	2033	22:41091786-41180079	1	"colorectal, breast, pancreatic, AML, ALL, DLBCL"			"KMT2A, KAT6A"	"2033,ENSG00000100393.12,EP300,KAT3B,Q09472,p300"
EPS15	epidermal growth factor receptor pathway substrate 15 (AF1p)	2060	1:51354263-51519328	1	ALL			KMT2A	"2060,AF-1P,ENSG00000085832.16,EPS15,MLLT5,P42566"
ERC1	ELKS/RAB6-interacting/CAST family member 1	23085	12:1027747-1495924	1	"papillary thyroid, Spitzoid tumour"			"RET, ROS1"	"23085,CAST2,ELKS,ENSG00000082805.19,ERC1,KIAA1081,MGC12974,Q8IUD2,RAB6IP2"
ERG	v-ets erythroblastosis virus E26 oncogene like (avian)	2078	21:38380027-38661694	1	"Ewing sarcoma, prostate, AML"			"EWSR1, TMPRSS2, ELF4, FUS, HERPUD1, NDRG1"	"2078,ENSG00000157554.18,ERG,P11308,erg-3,p55"
ETV1	ets variant gene 1	2115	7:13891228-13989946	1	"Ewing sarcoma, prostate"			"EWSR1, TMPRSS2, SLC45A3, HMGN2P46, HNRNPA2B1. ACSL3"	"2115,ENSG00000006468.13,ER81,ETV1,P50549"
ETV4	"ets variant gene 4 (E1A enhancer binding protein, E1AF)"	2118	17:43527844-43546432	1	"Ewing sarcoma, prostate carcinoma"			"EWSR1, TMPRSS2, DDX5, KLK2, CANT1"	"2118,E1A-F,E1AF,ENSG00000175832.12,ETV4,P43268,PEA3"
ETV5	ets variant gene 5	2119	3:186046308-186109112	1	prostate			"TMPRSS2, SCL45A3"	"2119,ENSG00000244405.7,ERM,ETV5,P41161"
ETV6	ets variant gene 6 (TEL oncogene)	2120	12:11649854-11895402	1	"congenital fibrosarcoma, multiple different leukaemia and lymphoma tumour types including ALL, secretory breast, MDS"			"NTRK3, RUNX1, PDGFRB, ABL1, MN1, ABL2, ACSL6, CHIC2, ARNT, JAK2, MECOM, CDX2, RNF217-AS1, MNX1, MDS2, PER1, SYK, TTL, FGFR3, PAX5"	"2120,ENSG00000139083.10,ETV6,P41212,TEL"
EWSR1	Ewing sarcoma breakpoint region 1 (EWS)	2130	22:29268316-29300343	1	"Ewing sarcoma, desmoplastic small round cell tumour , ALL, clear cell sarcoma, sarcoma, myoepithelioma, mesothelioma"			"FLI1, ERG, NR4A3, FEV, ATF1, ETV1, ETV4, WT1, ZNF384, CREB1, POU5F1,  PBX1, NFATC1, NFATC2, DDIT3, PATZ1, SMARCA5, SP3, ZNF444, YY1"	"2130,ENSG00000182944.17,EWS,EWSR1,Q01844"
EZR	ezrin	7430	6:158765748-158819412	1	NSCLC			ROS1	"7430,ENSG00000092820.17,EZR,P15311,VIL2"
FCGR2B	"Fc fragment of IgG, low affinity IIb, receptor for (CD32)"	2213	1:161663161-161678654	1	ALL			?	"2213,CD32,CD32B,ENSG00000072694.20,FCG2,FCGR2,FCGR2B,P31994"
FCRL4	Fc receptor-like 4	83417	1:157573749-157598080	1	B-NHL			IGH	"83417,CD307d,ENSG00000163518.10,FCRH4,FCRL4,IGFP2,IRTA1,Q96PJ5"
FEV	FEV protein - (HSRNAFEV)	54738	2:218981087-218985657	1	Ewing sarcoma			"EWSR1,  FUS"	"54738,ENSG00000163497.2,FEV,Pet-1,Q99581"
FGFR1	fibroblast growth factor receptor 1	2260	8:38411138-38467845	1	"MPN, NHL, salivary adenoma"			"BCR, FOP, ZMYM2, CNTRL, PLAG1"	"2260,BFGFR,CD331,CEK,ENSG00000077782.19,FGFR1,FLG,FLT2,H2,H3,H4,H5,KAL2,N-SAM,P11362"
FGFR1OP	FGFR1 oncogene partner (FOP)	11116	6:166999182-167052713	1	"MPN, NHL"			FGFR1	"11116,ENSG00000213066.12,FGFR1OP,FOP,O95684"
FGFR3	fibroblast growth factor receptor 3	2261	4:1793312-1808872	1	"bladder, MM, T-cell lymphoma"			"IGH, ETV6"	"2261,ACH,CD333,CEK2,ENSG00000068078.18,FGFR3,JTK4,P22607"
FHIT	fragile histidine triad gene	2272	3:59751407-61251459	1	pleomorphic salivary gland adenoma			HMGA2	"2272,AP3Aase,ENSG00000189283.9,FHIT,FRA3B,P49789"
FIP1L1	FIP1 like 1 (S. cerevisiae)	81608	4:53377645-53459668	1	idiopathic hypereosinophilic syndrome			PDGFRA	"81608,DKFZp586K0717,ENSG00000145216.15,FIP1,FIP1L1,Q6UN15"
FLI1	Friend leukemia virus integration 1	2313	11:128693770-128813267	1	Ewing sarcoma			EWSR1	"2313,ENSG00000151702.16,EWSR2,FLI1,Q01543,SIC-1"
FOXO1	forkhead box O1	2308	13:40555667-40666597	1	alveolar rhabdomyosarcoma			"PAX3, PAX7"	"2308,ENSG00000150907.7,FKH1,FKHR,FOXO1,FOXO1A,Q12778"
FOXO3	forkhead box O3	2309	6:108560866-108684768	1	AL			KMT2A	"2309,AF6q21,ENSG00000118689.14,FKHRL1,FOXO2,FOXO3,FOXO3A,O43524"
FOXO4	forkhead box O4	4303	X:71096197-71103535	1	"AL, soft tissue sarcoma"			"KMT2A, CIC"	"4303,AFX1,ENSG00000184481.16,FOXO4,MLLT7,P98177"
FOXP1	forkhead box P1	27086	3:70954715-71583989	1	ALL			PAX5	"12CC4,27086,ENSG00000114861.19,FOXP1,HSPC215,Q9H334,QRF1,hFKH1B"
FSTL3	follistatin-like 3 (secreted glycoprotein)	10272	19:676365-683399	1	B-CLL			CCND1	"10272,ENSG00000070404.9,FLRG,FSRP,FSTL3,O95633"
FUS	"fusion, derived from t(12;16) malignant liposarcoma"	2521	16:31180110-31194871	1	"liposarcoma, AML, Ewing sarcoma, angiomatoid fibrous histiocytoma, fibromyxoid sarcoma"			"DDIT3, ERG, FEV, ATF1, CREB3L2, CREB3L1, NFATC2"	"2521,ALS6,ENSG00000089280.18,FUS,FUS1,HNRNPP2,P35637,TLS,hnRNP-P2"
GAS7	growth arrest-specific 7	8522	17:9913850-10198551	1	AML*			KMT2A	"8522,ENSG00000007237.18,GAS7,KIAA0394,MGC1348,O60861"
GOLGA5	"golgi autoantigen, golgin subfamily a, 5  (PTC5)"	9950	14:92794231-92839963	1	"papillary thyroid, Spitzoid tumour"			RET	"9950,ENSG00000066455.12,GOLGA5,GOLIM5,Q8TBA6,golgin-84,ret-II,rfg5"
GOPC	golgi associated PDZ and coiled-coil motif containing	57120	6:117560269-117602364	1	"glioblastoma, cholangiocarcinoma, borderline ovarian"			ROS1	"57120,CAL,ENSG00000047932.13,FIG,GOPC,GOPC1,PIST,Q9HD26,dJ94G16.2"
GPHN	gephyrin (GPH)	10243	14:66507407-67181803	1	AL			KMT2A	"10243,ENSG00000171723.15,GPHN,KIAA1385,Q9NQX3"
HERPUD1	"homocysteine-inducible, endoplasmic reticulum stress-inducible, ubiquitin-like domain member 1"	9709	16:56932048-56944863	1	prostate			ERG	"9709,ENSG00000051108.14,HERP,HERPUD1,KIAA0025,Mif1,Q15011,SUP"
HEY1	hairy/enhancer-of-split related with YRPW motif 1	23462	8:79764013-79767857	1	mesenchymal chondrosarcoma			NCOA2	"23462,CHF-2,CHF2,ENSG00000164683.16,HERP2,HESR-1,HESR1,HEY1,HRT-1,Q9Y5J3,bHLHb31"
HIP1	huntingtin interacting protein 1	3092	7:75533300-75738947	1	"CMML, NSCLC"			"PDGFRB, ALK"	"3092,ENSG00000127946.16,HIP1,ILWEQ,O00291"
HIST1H4I	"histone 1, H4i (H4FM)"	8294	6:27138588-27139881	1	NHL			BCL6	"8294,ENSG00000276180.1,H4/m,H4FM,HIST1H4I,P62805"
HLA-A	"major histocompatibility complex, class I, A"	3105	6:29941260-29945884	1	Spitzoid tumour			ROS1	"3105,ENSG00000206503.12,HLA-A,P04439,P13746,P16188"
HLF	hepatic leukemia factor	3131	17:55265012-55325065	1	ALL			TCF3	"3131,ENSG00000108924.13,HLF,MGC33822,Q16534"
HMGA1	high mobility group AT-hook 1	3159	6:34236873-34246230	1	"microfollicular thyroid adenoma, various benign mesenchymal tumours"			?	"3159,ENSG00000137309.19,HMGA1,HMGIY,P17096"
HMGA2	high mobility group AT-hook 2 (HMGIC)	8091	12:65824460-65915447	1	"lipoma, leiomyoma, pleomorphic salivary gland adenoma"			"LHFP, RAD51B, LPP, COX6C, ACKR3, NFIB, ALDH2, CCNB1IP1, EBF1, WIF1, FHIT"	"8091,BABL,ENSG00000149948.13,HMGA2,HMGIC,LIPO"
HNRNPA2B1	heterogeneous nuclear ribonucleoprotein A2/B1	3181	7:26189927-26200746	1	prostate			ETV1	"3181,ENSG00000122566.20,HNRNPA2B1,HNRPA2B1,P22626"
HOOK3	hook homolog 3	84376	8:42896932-43030539	1	papillary thyroid			RET	"84376,ENSG00000168172.8,HK3,HOOK3,Q86VS8"
HOXA11	homeo box A11	3207	7:27181515-27185216	1	CML			NUP98	"3207,ENSG00000005073.5,HOX1,HOX1I,HOXA11,P31270"
HOXA13	homeo box A13	3209	7:27194364-27200106	1	AML			NUP98	"3209,ENSG00000106031.7,HOX1,HOX1J,HOXA13,P31271"
HOXA9	homeo box A9	3205	7:27162435-27165530	1	AML*			"NUP98, MSI2"	"3205,ENSG00000078399.17,HOX1,HOX1G,HOXA9,P31269"
HOXC11	homeo box C11	3227	12:53973126-53977643	1	AML			NUP98	"3227,ENSG00000123388.4,HOX3H,HOXC11,O43248"
HOXC13	homeo box C13	3229	12:53938765-53946544	1	AML			NUP98	"3229,ENSG00000123364.4,HOX3,HOX3G,HOXC13,P31276"
HOXD11	homeo box D11	3237	2:176107286-176109588	1	AML			NUP98	"3237,ENSG00000128713.13,HOX4,HOX4F,HOXD11,P31277"
HOXD13	homeo box D13	3239	2:176092891-176095938	1	AML*			NUP98	"3239,ENSG00000128714.5,HOX4I,HOXD13,P35453,SPD"
HSP90AA1	"heat shock protein 90kDa alpha (cytosolic), class A member 1"	3320	14:102081049-102139686	1	NHL			BCL6	"3320,ENSG00000080824.18,FLJ31884,HSP90AA1,HSP90N,HSPC1,HSPCA,Hsp89,Hsp90,P07900"
HSP90AB1	"heat shock protein 90kDa alpha (cytosolic), class B member 1"	3326	6:44247866-44253883	1	NHL			BCL6	"3326,ENSG00000096384.19,HSP90AB1,HSPC2,HSPCB,P08238"
IGH	immunoglobulin heavy locus	3492	14:-	1	"MM, Burkitt lymphoma, NHL, CLL, B-ALL, MALT, MLCLS"			"MYC, FGFR3, PAX5, FCRL4, IRF4, CCND1, BCL9, BCL8, BCL6, BCL2, BCL3, BCL10, BCL11A. LHX4, DDX6, NFKB2, PAFAH1B2, PCSK7, CRLF2"	
IGK	immunoglobulin kappa locus	50802	2:-	1	"Burkitt lymphoma, B-NHL"			"MYC, KDSR"	
IGL	immunoglobulin lambda locus	3535	22:-	1	Burkitt lymphoma			"BCL9, MYC, CCND2"	
IKZF1	IKAROS family zinc finger 1	10320	7:50304669-50405101	1	"ALL, DLBCL"			BCL6	"10320,ENSG00000185811.18,Hs.54452,IKAROS,IKZF1,LyF-1,PPP1R92,ZNFN1A1,hIk-1"
IL2	interleukin 2	3558	4:122451470-122456725	1	intestinal T-cell lymphoma			TNFRSF17	"3558,ENSG00000109471.4,IL-2,IL2,P60568,TCGF"
IL21R	interleukin 21 receptor	50615	16:27402162-27452042	1	NHL			BCL6	"50615,CD360,ENSG00000103522.15,IL21R,Q9HBE5"
IRF4	interferon regulatory factor 4	3662	6:391739-411447	1	MM			IGH	"3662,ENSG00000137265.14,IRF4,LSIRF,MUM1,Q15306"
IRS4	insulin receptor substrate 4	8471	X:108732482-108736409	1	"glioma, rhabdomyosarcoma, melanoma, breast cancer, T-ALL"			TRB	"8471,ENSG00000133124.11,IRS-4,IRS4,O14654,PY160"
ITK	IL2-inducible T-cell kinase	3702	5:157180826-157255191	1	peripheral T-cell lymphoma			SYK	"3702,EMT,ENSG00000113263.12,ITK,LYK,PSCTK2,Q08881"
JAK2	Janus kinase 2	3717	9:4985245-5128183	1	"ALL, AML, MPN,  CML"			"ETV6, PCM1, BCR"	"3717,ENSG00000096968.13,JAK2,JTK10,O60674"
KAT6A	K(lysine) acetyltransferase 6A	7994	8:41929479-42051987	1	AML			"CREBBP, NCOA2, EP300"	"7994,ENSG00000083168.9,KAT6A,MOZ,MYST3,Q92794,RUNXBP2,ZC2HC6A,ZNF220"
KAT6B	K(lysine) acetyltransferase 6B	23522	10:74826625-75032622	1	"AML, leiomyoma"			"CREBBP, KANSL1"	"23522,ENSG00000156650.12,KAT6B,MOZ2,MYST4,Morf,Q8WYB5,ZC2HC6B,qkf,querkopf"
KDM5A	"lysine (K)-specific demethylase 5A, JARID1A"	5927	12:280129-389454	1	AML			NUP98	"5927,ENSG00000073614.12,JARID1A,KDM5A,P29375,RBBP2"
KDSR	3-ketodihydrosphingosine reductase	2531	18:63327726-63367510	1	B-NHL			IGK	"2531,DHSR,ENSG00000119537.16,FVT1,KDSR,Q06136,SDR35C1"
KIF5B	kinesin family member 5B	3799	10:32009010-32056431	1	"NSCLC, Spitzoid tumour"			"RET, ALK"	"3799,ENSG00000170759.10,KIF5B,KNS,KNS1,P33176"
KLK2	kallikrein-related peptidase 2	3817	19:50873249-50880567	1	prostate			ETV4	"3817,ENSG00000167751.12,KLK2,P20151"
KMT2A	lysine (K)-specific methyltransferase 2A	4297	11:118436490-118526832	1	"AML, ALL"			"KMT2A, MLLT1, AFF1, MLLT3, MLLT4, FOXO4, MLLT10, MLLT6, ELL, EPS15, MLLT11, CREBBP, SH3GL1, FNBP1, SEPT5, SEPT9, GPHN, GMPS, ABI1, ARHGEF12, GAS7, FOXO3, AFF3, TET1, SEPT6, LPP, RUNX1T1, ARHGAP26, EP300, PICALM, CLP1, PRRC1, DAB2IP, MAPRE1, KIAA1524, SEPT2, SARNP, ZFYVE19, TOP3A, CASC5, EEFSEC, FRYL, SORBS2, ABI2, LASP1, CASP8AP2, AFF4, NRIP3, NCKIPSD, CBL, ACTN4, PDS5A, CT45A2, MYO1F, KIAA0284, BTBD18"	"4297,ALL-1,CXXC7,ENSG00000118058.20,HRX,HTRX1,KMT2A,MLL,MLL1A,Q03164,TRX1"
KNL1	cancer susceptibility candidate 5	57082	15:40594020-40664342	1	AML			KMT2A	"57082,AF15Q14,CASC5,CT29,D40,ENSG00000137812.19,KIAA1570,KNL1,MCPH4,PPP1R55,Q8NG31,Spc7,hKNL-1,hSpc105"
KTN1	kinectin 1 (kinesin receptor)	3895	14:55580317-55684579	1	papillary thyroid			RET	"3895,CG1,ENSG00000126777.17,KIAA0004,KNT,KTN1,Q86UP2"
LASP1	LIM and SH3 protein 1	3927	17:38869859-38921770	1	AML			KMT2A	"3927,ENSG00000002834.17,LASP1,Lasp-1,MLN50,Q14847"
LCK	lymphocyte-specific protein tyrosine kinase	3932	1:32251239-32286165	1	T-ALL			TRB	"3932,ENSG00000182866.16,LCK,P06239"
LIFR	leukemia inhibitory factor receptor	3977	5:38474963-38595404	1	salivary adenoma			PLAG1	"3977,CD118,ENSG00000113594.9,LIFR,P42702"
LMNA	lamin A/C	4000	1:156114707-156140089	1	Spitzoid tumour			NTRK1	"4000,CMD1A,ENSG00000160789.19,HGPS,LGMD1B,LMN1,LMNA,LMNL1,MADA,P02545,PRO1"
LMO1	LIM domain only 1 (rhombotin 1) (RBTN1)	4004	11:8224304-8263858	1	"T-ALL, neuroblastoma"	neuroblastoma		TRD	"4004,ENSG00000166407.13,LMO1,P25800,RBTN1,RHOM1,TTG1"
LMO2	LIM domain only 2 (rhombotin-like 1) (RBTN2)	4005	11:33858576-33892289	1	T-ALL			TRD	"4005,ENSG00000135363.11,LMO2,P25791,RBTN2,RBTNL1,RHOM2,TTG2"
LPP	LIM domain containing preferred translocation partner in lipoma	4026	3:188212933-188890671	1	"lipoma, leukaemia"			"HMGA2, KMT2A, C12orf9"	"4026,ENSG00000145012.13,LPP,Q93052"
LRIG3	leucine-rich repeats and immunoglobulin-like domains 3	121227	12:58872149-58920522	1	NSCLC			ROS1	"121227,ENSG00000139263.11,FLJ90440,KIAA3016,LRIG3,Q6UXM1"
LYL1	lymphoblastic leukemia derived sequence 1	4066	19:13099033-13102867	1	T-ALL			TRB	"4066,ENSG00000104903.4,LYL1,P12980,bHLHa18"
MAF	v-maf musculoaponeurotic fibrosarcoma oncogene homolog	4094	16:79593838-79600714	1	MM			IGH	"4094,ENSG00000178573.6,MAF,O75444,c-MAF"
MAFB	v-maf musculoaponeurotic fibrosarcoma oncogene homolog B (avian)	9935	20:40685848-40689240	1	MM			IGH	"9935,ENSG00000204103.3,KRML,MAFB,Q9Y5Q3"
MALT1	mucosa associated lymphoid tissue lymphoma translocation gene 1	10892	18:58671386-58754477	1	MALT			BIRC3	"10892,ENSG00000172175.12,MALT1,MLT,PCASP1,Q9UDY8"
MAML2	mastermind-like 2 (Drosophila)	84441	11:95976598-96343180	1	salivary gland mucoepidermoid			"CRTC3, CRTC1"	"84441,ENSG00000184384.13,KIAA1819,MAM3,MAML2,Q8IZL2"
MECOM	MDS1 and EVI1 complex locus	2122	3:169083499-169146305	1	"AML, CML, MDS"			"RUNX1, ETV6, PRDM16, RPN1"	"2122,ENSG00000085276.17,EVI1,KMT8E,MDS1,MDS1-EVI1,MECOM,PRDM3,Q03112"
MLF1	myeloid leukemia factor 1	4291	3:158582835-158606459	1	AML			NPM1	"4291,ENSG00000178053.17,MLF1,P58340"
MLLT1	"myeloid/lymphoid or mixed-lineage leukemia (trithorax homolog, Drosophila); translocated to, 1 (ENL)"	4298	19:6210379-6279948	1	AL			KMT2A	"4298,ENL,ENSG00000130382.8,LTG19,MLLT1,Q03111,YEATS1"
MLLT10	"myeloid/lymphoid or mixed-lineage leukemia (trithorax homolog, Drosophila); translocated to, 10 (AF10)"	8028	10:21534343-21743630	1	AL			"KMT2A, PICALM, CDK6"	"8028,AF10,ENSG00000078403.16,MLLT10,P55197"
MLLT11	"myeloid/lymphoid or mixed-lineage leukemia (trithorax homolog, Drosophila); translocated to, 11"	10962	1:151057758-151068497	1	ALL			KMT2A	"10962,AF1Q,ENSG00000213190.3,MLLT11,Q13015"
MLLT3	"myeloid/lymphoid or mixed-lineage leukemia (trithorax homolog, Drosophila); translocated to, 3 (AF9)"	4300	9:20341665-20622543	1	ALL			KMT2A	"4300,AF-9,AF9,ENSG00000171843.15,MLLT3,P42568,YEATS3"
MLLT6	"myeloid/lymphoid or mixed-lineage leukemia (trithorax homolog, Drosophila); translocated to, 6 (AF17)"	4302	17:38705542-38729803	1	AL			KMT2A	"4302,AF17,ENSG00000275023.4,FLJ23480,MLLT6,P55198"
MN1	"MN1 proto-oncogene, transcriptional regulator"	4330	22:27748277-27801498	1	"AML, MDS"			ETV6	"4330,ENSG00000169184.5,MGCR,MGCR1,MGCR1-PEN,MN1,Q10571"
MRTFA	megakaryoblastic leukemia (translocation) 1	57591	22:40411390-40533635	1	acute megakaryocytic leukaemia			RBM15	"57591,BSAC,ENSG00000196588.15,KIAA1438,MAL,MKL,MKL1,MRTF-A,MRTFA"
MSI2	musashi homolog 2 (Drosophila)	124540	17:57256534-57684685	1	CML			HOXA9	"124540,ENSG00000153944.10,MSI2,Q96DH6"
MSN	moesin	4478	X:65667670-65741931	1	ALCL			ALK	"4478,ENSG00000147065.16,MSN,P26038"
MTCP1	mature T-cell proliferation 1	4515	X:155064034-155071226	1	T cell prolymphocytic leukaemia			TRA	"4515,ENSG00000214827.9,MTCP1,P13MTCP1,P56278,p8MTCP1"
MUC1	"mucin 1, transmembrane"	4582	1:155185826-155192915	1	B-NHL			IGH	"4582,ADMCKD,ADMCKD1,CD227,ENSG00000185499.16,MCD,MCKD,MCKD1,MUC1,PEM,PUM"
MYB	v-myb myeloblastosis viral oncogene homolog	4602	6:135181315-135219167	1	adenoid cystic carcinoma			NFIB	"4602,ENSG00000118513.18,MYB,P10242,c-myb"
MYC	v-myc myelocytomatosis viral oncogene homolog (avian)	4609	8:127736069-127741434	1	"Burkitt lymphoma, amplified in other cancers, B-CLL"			"IGK, BCL5, BCL7A , BTG1, TRA, IGH"	"4609,ENSG00000136997.17,MYC,MYCC,bHLHe39,c-Myc"
MYH11	"myosin, heavy polypeptide 11, smooth muscle"	4629	16:15703172-15857011	1	AML			CBFB	"4629,ENSG00000133392.17,MYH11,P35749,SMHC,SMMHC"
MYH9	"myosin, heavy polypeptide 9, non-muscle"	4627	22:36281277-36388067	1	ALCL			ALK	"4627,DFNA17,ENSG00000100345.21,EPSTS,FTNS,MHA,MYH9,NMHC-II-A,NMMHCA,P35579"
MYO5A	"myosin VA (heavy chain 12, myoxin)"	4644	15:52307283-52529050	1	Spitzoid tumour			ROS1	"4644,ENSG00000197535.14,GS1,MYH12,MYO5,MYO5A,MYR12,Q9Y4I1"
NAB2	NGFI-A binding protein 2	4665	12:57088894-57095476	1	"solitary fibrous tumour, meningeal haemangiopericytoma"			STAT6	"4665,ENSG00000166886.12,MADER,NAB2,Q15742"
NCOA1	nuclear receptor coactivator 1	8648	2:24491932-24770702	1	alveolar rhabdomyosarcoma			PAX3	"8648,ENSG00000084676.15,F-SRC-1,KAT13A,NCOA1,NCoA-1,Q15788,RIP160,SRC1,bHLHe74"
NCOA2	nuclear receptor coactivator 2 (TIF2)	10499	8:70109762-70403805	1	"AML, chondrosarcoma, rhabdomyosarcoma"			"KAT6A, HEY1, NCOA2"	"10499,ENSG00000140396.12,GRIP1,KAT13C,NCOA2,NCoA-2,Q15596,TIF2,bHLHe75"
NCOA4	nuclear receptor coactivator 4 - PTC3 (ELE1)	8031	10:46006412-46030607	1	papillary thyroid			RET	"8031,ARA70,DKFZp762E1112,ELE1,ENSG00000266412.5,NCOA4,PTC3,Q13772,RFG"
NDRG1	N-myc downstream regulated 1	10397	8:133237176-133297586	1	prostate			ERG	"10397,CAP43,DRG1,ENSG00000104419.14,NDR1,NDRG1,Q92597,RTP,TDD5"
NFATC2	"nuclear factor of activated T-cells, cytoplasmic, calcineurin-dependent 2"	4773	20:51386957-51542719	1	Ewing sarcoma			EWSR1	"4773,ENSG00000101096.19,NF-ATP,NFAT1,NFATC2,NFATp,Q13469"
NFIB	nuclear factor I/B	4781	9:14087569-14313667	1	"adenoid cystic carcinoma, lipoma"			"MYB, HGMA2"	"4781,ENSG00000147862.16,NFI-RED,NFIB,NFIB2,NFIB3,O00712"
NFKB2	nuclear factor of kappa light polypeptide gene enhancer in B-cells 2 (p49/p100)	4791	10:102394597-102402524	1	B-NHL			IGH	"4791,ENSG00000077150.18,LYT-10,NF-kB2,NFKB2,Q00653,p105,p49/p100,p52"
NIN	ninein (GSK3B interacting protein)	51199	14:50725840-50831121	1	MPN			PDGFRB	"51199,ENSG00000100503.23,NIN,Q8N4C6"
NONO	"non-POU domain containing, octamer-binding"	4841	X:71283583-71301168	1	papillary renal			TFE3	"4841,ENSG00000147140.15,NMT55,NONO,NRB54,P54,P54NRB,PPP1R114,Q15233"
NOTCH1	"Notch homolog 1, translocation-associated (Drosophila) (TAN1)"	4851	9:136494433-136545786	1	"T-ALL, breast, bladder, skin SCC, lung SCC, head and neck SCC"			"TRB, SEC16A, GABBR2"	"4851,ENSG00000148400.10,NOTCH1,P46531,TAN1"
NPM1	"nucleophosmin (nucleolar phosphoprotein B23, numatrin)"	4869	5:171387648-171411137	1	"NHL, APL, AML"			"ALK, RARA, MLF1"	"4869,B23,ENSG00000181163.13,NPM,NPM1,P06748"
NR4A3	"nuclear receptor subfamily 4, group A, member 3 (NOR1)"	8013	9:99821855-99866891	1	extraskeletal myxoid chondrosarcoma			"EWSR1, TAF15, TCF12, TFG"	"8013,CHN,CSMF,ENSG00000119508.17,MINOR,NOR1,NR4A3,Q92570"
NRG1	neuregulin 1	3084	8:32548635-32764407	1	NSCLC			CD74	"3084,ENSG00000157168.18,GGF,HGL,HRG,NDF,NRG1,NRG1-IT2,Q02297"
NSD1	nuclear receptor binding SET domain protein 1	64324	5:177133925-177300215	1	AML			NUP98	"64324,ARA267,ENSG00000165671.20,FLJ22263,KMT3B,NSD1,Q96L73,STO"
NSD2	Wolf-Hirschhorn syndrome candidate 1(MMSET)	7468	4:1892845-1982207	1	MM			IGH	"7468,ENSG00000109685.17,KMT3G,MMSET,NSD2,O96028,WHSC1"
NSD3	Wolf-Hirschhorn syndrome candidate 1-like 1 (NSD3)	54904	8:38269697-38382272	1	AML			NUP98	"54904,ENSG00000147548.16,FLJ20353,KMT3F,NSD3,Q9BZ95,WHISTLE,WHSC1L1"
NTRK1	"neurotrophic tyrosine kinase, receptor, type 1"	4914	1:156860894-156881642	1	"papillary thyroid, Spitzoid tumour"			"TPM3, TPR, TFG, TP53, LMNA"	"4914,ENSG00000198400.11,MTC,NTRK1,P04629,TRK,TRKA"
NTRK3	"neurotrophic tyrosine kinase, receptor, type 3"	4916	15:87876757-88256731	1	"congenital fibrosarcoma, secretory breast"			ETV6	"4916,ENSG00000140538.16,NTRK3,Q16288,TRKC"
NUMA1	nuclear mitotic apparatus protein 1	4926	11:72002864-72080687	1	APL			RARA	"4926,ENSG00000137497.17,NUMA1,Q14980"
NUP214	nucleoporin 214kDa (CAN)	8021	9:131125561-131234670	1	"AML, T-ALL"			"DEK, SET, ABL1"	"8021,CAIN,CAN,D9S46E,ENSG00000126883.16,N214,NUP214,P35658"
NUP98	nucleoporin 98kDa	4928	11:3675010-3797792	1	AML			"HOXA9, NSD1, WHSC1L1, DDX10, TOP1, HOXD13, PRRX1, HOXA13, HOXD11, HOXA11, RAP1GDS1, HOXC11"	"4928,ENSG00000110713.15,NUP96,NUP98,P52948"
NUTM1	"NUT midline carcinoma, family member 1"	256646	15:34343315-34357728	1	lethal midline carcinoma			"BRD3, BRD4"	"256646,C15orf55,DKFZp434O192,ENSG00000184507.15,FAM22H,NUT,NUTM1,Q86Y26"
NUTM2B	NUT family member 2B	729262	10:79703227-79712757	1	endometrial stromal sarcoma			YWHAE	"729262,A6NNL0,ENSG00000188199.10,FAM22B,NUTM2B,bA119F19.1"
NUTM2D	NUT family member 2A	728130	10:87357668-87367195	1	endometrial stromal sarcoma			YWHAE	"728130,ENSG00000214562.14,FAM22D,NUTM2D,Q5VT03"
OLIG2	oligodendrocyte lineage transcription factor 2 (BHLHB1)	10215	21:33025935-33029196	1	T-ALL			TRA	"10215,BHLHB1,ENSG00000205927.4,OLIG2,OLIGO2,PRKCBP2,Q13516,RACK17,bHLHe19"
P2RY8	"purinergic receptor P2Y, G-protein coupled, 8"	286530	X:1462572-1537107	1	"B-ALL, Down syndrome associated ALL"			CRLF2	"286530,ENSG00000182162.10,P2RY8,P2Y8,Q86VZ1"
PAFAH1B2	"platelet-activating factor acetylhydrolase, isoform Ib, beta subunit 30kDa"	5049	11:117144267-117171048	1	MLCLS			IGH	"5049,ENSG00000168092.13,P68402,PAFAH1B2"
PATZ1	zinc finger protein 278 (ZSG)	23598	22:31325804-31346232	1	Ewing sarcoma			EWSR1	"23598,ENSG00000100105.17,MAZR,PATZ,PATZ1,Q9HBE1,RIAZ,ZBTB19,ZNF278,ZSG,dJ400N23"
PAX3	paired box gene 3	5077	2:222199888-222298981	1	alveolar rhabdomyosarcoma			"FOXO1, NCOA1, NCOA2"	"5077,ENSG00000135903.19,HUP2,P23760,PAX3,WS1"
PAX5	paired box gene 5 (B-cell lineage specific activator protein)	5079	9:36833275-37034185	1	"NHL, ALL, B-ALL"			"IGH, ETV6, PML, FOXP1, ZNF521, ELN"	"5079,BSAP,ENSG00000196092.12,PAX5,Q02548"
PAX7	paired box gene 7	5081	1:18631006-18736138	1	alveolar rhabdomyosarcoma			FOXO1	"5081,ENSG00000009709.11,Hup1,P23759,PAX7"
PAX8	paired box gene 8	7849	2:113215997-113278921	1	follicular thyroid			PPARG	"7849,ENSG00000125618.16,PAX8,Q06710"
PBX1	pre-B-cell leukemia transcription factor 1	5087	1:164559635-164851831	1	"pre B-ALL, myoepithelioma"			"TCF3, EWSR1"	"5087,ENSG00000185630.18,P40424,PBX1"
PCM1	pericentriolar material 1  (PTC4)	5108	8:17922840-18027968	1	"papillary thyroid, CML, MPN"			"RET, JAK2"	"5108,ENSG00000078674.17,PCM1,PTC4,Q15154"
PDCD1LG2	programmed cell death 1 ligand 2	80380	9:5510570-5571254	1	"PMBL, Hodgkin lymphoma"			CIITA	"80380,B7-DC,Btdc,CD273,ENSG00000197646.7,PD-L2,PDCD1LG2,PDL2,Q9BQ51,bA574F11.2"
PDE4DIP	phosphodiesterase 4D interacting protein (myomegalin)	9659	1:148889463-149033016	1	MPN			PDGFRB	"9659,CMYA2,ENSG00000178104.19,KIAA0454,KIAA0477,MMGL,PDE4DIP,Q5VU43"
PDGFB	platelet-derived growth factor beta polypeptide (simian sarcoma viral (v-sis) oncogene homolog)	5155	22:39223359-39244751	1	DFSP			COL1A1	"5155,ENSG00000100311.16,P01127,PDGFB,SIS,SSV"
PDGFRA	"platelet-derived growth factor, alpha-receptor"	5156	4:54229097-54298247	1	"GIST, idiopathic hypereosinophilic syndrome, paediatric glioblastoma"	GIST	familial gastrointestinal stromal tumour	FIP1L1	"5156,CD140a,ENSG00000134853.11,GAS9,P16234,PDGFR2,PDGFRA"
PDGFRB	"platelet-derived growth factor receptor, beta polypeptide"	5159	5:150113837-150155860	1	"MPN, AML, CMML, CML"			"ETV6, TRIP11, HIP1, RABEP1, H4, NIN, SPECC1, PDE4DIP"	"5159,CD140b,ENSG00000113721.13,JTK12,P09619,PDGFR,PDGFR1,PDGFRB"
PER1	period homolog 1 (Drosophila)	5187	17:8140472-8152435	1	"AML, CMML"			ETV6	"5187,ENSG00000179094.15,O15534,PER,PER1,RIGUI"
PICALM	phosphatidylinositol binding clathrin assembly protein (CALM)	8301	11:85958814-86068929	1	"T-ALL, AML"			"MLLT10, KMT2A"	"8301,CALM,CLTH,ENSG00000073921.17,PICALM,Q13492"
PIM1	pim-1 oncogene	5292	6:37170203-37175426	1	NHL			BCL6	"5292,ENSG00000137193.13,P11309,PIM,PIM1"
PLAG1	pleiomorphic adenoma gene 1	5324	8:56160904-56211279	1	"salivary adenoma, lipoblastoma"			"TCEA1, LIFR, CTNNB1, CHCHD7, COL1A2, HAS2"	"5324,ENSG00000181690.7,PLAG1,Q6DJT9,ZNF912"
PML	promyelocytic leukemia	5371	15:73994717-74046771	1	"APL, ALL"			"RARA, PAX5"	"5371,ENSG00000140464.19,MYL,P29590,PML,RNF71,TRIM19"
POU2AF1	"POU domain, class 2, associating factor 1 (OBF1)"	5450	11:111352252-111379692	1	NHL			BCL6	"5450,BOB1,ENSG00000110777.11,OBF1,POU2AF1,Q16633"
POU5F1	"POU domain, class 5, transcription factor 1"	5460	6:31164337-31170693	1	sarcoma			EWSR1	"5460,ENSG00000204531.17,MGC22487,OCT3,OTF3,Oct4,POU5F1,Q01860"
PPARG	"peroxisome proliferative activated receptor, gamma"	5468	3:12351472-12434356	1	follicular thyroid			PAX8	"5468,ENSG00000132170.20,NR1C3,P37231,PPARG,PPARG1,PPARG2,PPARgamma"
PPFIBP1	"PTPRF interacting protein, binding protein 1 (liprin beta 1)"	8496	12:27524206-27695564	1	"Spitzoid tumour, inflammatory myofibroblastic tumour"			"ROS1, ALK"	"8496,ENSG00000110841.13,L2,PPFIBP1,Q86W92,SGT2,hSGT2,hSgt2p"
PRCC	papillary renal cell carcinoma (translocation-associated)	5546	1:156767500-156800817	1	papillary renal			TFE3	"5546,ENSG00000143294.14,PRCC,Q92733,RCCP1"
PRDM16	PR domain containing 16	63976	1:3069211-3438621	1	"MDS, AML"			MECOM	"63976,ENSG00000142611.16,KIAA1675,KMT8F,MEL1,MGC166915,PFM13,PRDM16,Q9HAZ2"
PRKACA	protein kinase cAMP-activated catalytic subunit alpha	5566	19:14091688-14117744	1	"fibrolamellar hepatocellular carcinoma, cortisol secreting adrenal adenoma"			DNAJB1	"5566,ENSG00000072062.13,P17612,PKACa,PRKACA"
PRKAR1A	"protein kinase, cAMP-dependent, regulatory, type I, alpha (tissue specific extinguisher 1)"	5573	17:68512379-68533423	1	papillary thyroid	"myxoma, endocrine, papillary thyroid"	Carney complex	RET	"5573,CNC1,ENSG00000108946.14,P10644,PRKAR1,PRKAR1A,TSE1"
PRRX1	paired related homeobox 1	5396	1:170663906-170739419	1	AML			NUP98	"5396,ENSG00000116132.11,P54821,PHOX1,PMX1,PRRX1"
PSIP1	PC4 and SFRS1 interacting protein 1 (LEDGF)	11168	9:15464066-15511019	1	AML			NUP98	"11168,DFS70,ENSG00000164985.14,LEDGF,O75475,PSIP1,PSIP2,p52,p75"
PTPRK	"protein tyrosine phosphatase, receptor type, K"	5796	6:127968977-128520476	1	colorectal			RSPO3	"5796,ENSG00000152894.14,PTPRK,Q15262,R-PTP-kappa"
QKI	"QKI, KH domain containing, RNA binding"	9444	6:163414643-163578596	1	"angiocentric glioma, colorectal cancer"			MYB	"9444,ENSG00000112531.16,Q96PU8,QK3,QKI"
RABEP1	"rabaptin, RAB GTPase binding effector protein 1"	9135	17:5282300-5385812	1	CMML			PDGFRB	"9135,ENSG00000029725.16,Q15276,RAB5EP,RABEP1,RABPT5,neurocrescin,rabaptin-5"
RAD51B	RAD51 paralog B	5890	14:67819779-68611565	1	"lipoma, uterine leiomyoma"			HMGA2	"5890,ENSG00000182185.18,R51H2,RAD51B,RAD51L1,REC2,hREC2"
RAF1	v-raf-1 murine leukemia viral oncogene homolog 1	5894	3:12583601-12664226	1	"pilocytic astrocytoma, prostate"			"SRGAP3, ESRP1"	"5894,CRAF,ENSG00000132155.11,P04049,RAF1,Raf-1,c-Raf"
RANBP2	RAN binding protein 2	5903	2:108719481-108785811	1	inflammatory myofibroblastic tumour			ALK	"5903,ADANE,ANE1,ENSG00000153201.15,NUP358,P49792,RANBP2"
RAP1GDS1	"RAP1, GTP-GDP dissociation stimulator 1"	5910	4:98261518-98442334	1	T-ALL			NUP98	"5910,ENSG00000138698.14,P52306,RAP1GDS1,SmgGDS"
RARA	"retinoic acid receptor, alpha"	5914	17:40309194-40356796	1	APL			"PML, ZBTB16, TRIM24, NUMA1, NPM1"	"5914,ENSG00000131759.17,NR1B1,P10276,RAR,RARA"
RBM15	RNA binding motif protein 15	64783	1:110338506-110346677	1	acute megakaryocytic leukaemia			MKL1	"64783,ENSG00000162775.14,OTT,OTT1,Q96T37,RBM15"
RET	ret proto-oncogene	5979	10:43077027-43130351	1	"medullary thyroid, papillary thyroid, pheochromocytoma, NSCLC, Spitzoid tumour"	"medullary thyroid,  papillary thyroid, pheochromocytoma"	multiple endocrine neoplasia 2A/2B	"H4, PRKAR1A, NCOA4, PCM1, GOLGA5, TRIM33, KTN1, TRIM27, HOOK3, KIF5B, CCDC6"	"5979,CDHF12,CDHR16,ENSG00000165731.18,HSCR1,MEN2A,MEN2B,MTC1,P07949,PTC,RET,RET51"
RHOH	ras homolog family member H	399	4:40196907-40246967	1	NHL			BCL6	"399,ARHH,ENSG00000168421.12,Q15669,RHOH,RhoH,TTF"
RMI2	RecQ mediated genome instability 2	116028	16:11345431-11351762	1	"PMBL, Hodgkin lymphoma"			CIITA	"116028,BLAP18,C16orf75,ENSG00000175643.8,MGC24665,Q96E14,RMI2"
RNF213	ring finger protein 213	57674	17:80260868-80398786	1	ALCL			ALK	"57674,ALO17,C17orf27,ENSG00000173821.19,KIAA1554,KIAA1618,MYMY2,NET57,RNF213"
ROS1	v-ros UR2 sarcoma virus oncogene homolog 1 (avian)	6098	6:117288300-117425855	1	"glioblastoma, NSCLC, Spitzoid tumour, cholangiocarcinoma, borderline ovarian"			"GOPC, SDC4, SLC34A2, EZR, LRIG3, HLA-A, MYO5A, PPFIBP1, ERC1, CLIP1, TPM3, ZCCHHC8, KIAA1598, PWWP2A"	"6098,ENSG00000047936.10,MCF3,P08922,ROS,ROS1,c-ros-1"
RPL22	ribosomal protein L22 (EAP)	6146	1:6185020-6199612	1	"AML, CML"			RUNX1	"6146,EAP,ENSG00000116251.9,L22,P35268,RPL22"
RPN1	ribophorin I	6184	3:128619970-128650849	1	AML			MECOM	"6184,ENSG00000163902.11,OST1,P04843,RPN1"
RSPO2	R-spondin 2	340419	8:107899317-108083648	1	colorectal			EIF3E	"340419,ENSG00000147655.10,MGC35555,Q6UXX9,RSPO2"
RSPO3	R-spondin 3	84870	6:127118604-127197296	1	colorectal			PTPRK	"84870,ENSG00000146374.13,FLJ14440,Q9BXY4,RSPO3,THSD2"
RUNX1	runt-related transcription factor 1  (AML1)	861	21:34787801-35049344	1	"AML, pre B-ALL, T-ALL"			"RPL22, MECOM, CBFA2T3, RUNX1T1, ETV6, AFF3"	"861,AML1,AMLCR1,CBFA2,ENSG00000159216.18,PEBP2A2,Q01196,RUNX1"
RUNX1T1	"runt-related transcription factor 1; translocated to, 1 (cyclin D-related)"	862	8:91954967-92095654	1	AML			"KMT2A, RUNX1"	"862,AML1T1,CBFA2T1,CDR,ENSG00000079102.16,ETO,MTG8,RUNX1T1,ZMYND2"
SDC4	syndecan 4	6385	20:45325288-45348424	1	NSCLC			ROS1	"6385,ENSG00000124145.6,P31431,SDC4,SYND4,amphiglycan,ryudocan"
SET	SET translocation	6418	9:128683655-128696400	1	T-ALL			NUP214	"2PP2A,6418,ENSG00000119335.16,IGAAD,IPP2A2,PHAPII,Q01105,SET,TAF-I,TAF-IBETA"
SETBP1	SET binding protein 1	26040	18:44680898-45068510	1	"aCML, sAML, MDS/MPN-U, CMML, JMML"	neuroepithelial tumours	Schinzel-Giedion syndrome	NUP98	"26040,ENSG00000152217.17,KIAA0437,Q9Y6X0,SEB,SETBP1"
SFPQ	splicing factor proline/glutamine rich(polypyrimidine tract binding protein associated)	6421	1:35182932-35193148	1	papillary renal			TFE3	"6421,ENSG00000116560.10,P23246,PPP1R140,PSF,SFPQ"
SH3GL1	SH3-domain GRB2-like 1 (EEN)	6455	19:4360370-4400547	1	AL			KMT2A	"6455,CNSA1,EEN,ENSG00000141985.9,MGC111371,Q99961,SH3D2B,SH3GL1,SH3P8"
SLC34A2	"solute carrier family 34 (sodium phosphate), member 2"	10568	4:25655844-25678748	1	NSCLC			ROS1	"10568,ENSG00000157765.12,NAPI-3B,O95436,SLC34A2"
SLC45A3	"solute carrier family 45, member 3"	85414	1:205657851-205680459	1	prostate			"ETV1, ETV5, ELK4, ERG, BRAF"	"85414,ENSG00000158715.5,IPCA-2,IPCA-6,IPCA-8,PCANAP2,PCANAP6,PCANAP8,Q96JT2,SLC45A3,prostein"
SND1	staphylococcal nuclease and tudor domain containing 1	27044	7:127652180-128092607	1	pancreas acinar carcinoma			BRAF	"27044,ENSG00000197157.10,Q7KZF4,SND1,TDRD11,p100"
SRSF3	serine/arginine-rich splicing factor 3	6428	6:36594368-36605600	1	follicular lymphoma			BCL6	"6428,ENSG00000112081.16,P84103,SFRS3,SRSF3,SRp20"
SS18	"synovial sarcoma translocation, chromosome 18"	6760	18:26016253-26090625	1	synovial sarcoma			"SSX1,  SSX2, SSX4"	"6760,ENSG00000141380.13,Q15532,SS18,SSXT,SYT"
SS18L1	synovial sarcoma translocation gene on chromosome 18-like 1	26039	20:62143795-62182484	1	synovial sarcoma			SSX1	"26039,CREST,ENSG00000184402.14,KIAA0693,O75177,SS18L1"
SSX1	"synovial sarcoma, X breakpoint 1"	6756	X:48255317-48267444	1	synovial sarcoma			SS18	"6756,CT5.1,ENSG00000126752.7,Q16384,SSX1"
SSX2	"synovial sarcoma, X breakpoint 2"	6757	X:52696896-52707161	1	synovial sarcoma			SS18	"6757,CT5.2a,ENSG00000241476.8,HD21,HOM-MEL-40,MGC119055,MGC15364,MGC3884,Q16385,SSX,SSX2"
SSX4	"synovial sarcoma, X breakpoint 4"	6759	X:48383527-48393347	1	synovial sarcoma			SS18	"6759,CT5.4,ENSG00000268009.5,O60224,SSX4"
STAT5B	signal transducer and activator of transcription 5B	6777	17:42199168-42276406	1	"large granular lymphocytic leukaemia, skin basal cell, APL"			RARA	"6777,ENSG00000173757.9,P51692,STAT5B"
STAT6	"signal transducer and activator of transcription 6, interleukin-4 induced"	6778	12:57095408-57111433	1	"solitary fibrous tumour, meningeal haemangiopericytoma"			NAB2	"6778,D12S1644,ENSG00000166888.11,IL-4-STAT,P42226,STAT6"
STIL	SCL/TAL1 interrupting locus	6491	1:47250142-47314140	1	T-ALL			TAL1	"6491,ENSG00000123473.15,MCPH7,Q15468,SIL,STIL"
STRN	"striatin, calmodulin binding protein"	6801	2:36843640-36966472	1	"anaplastic thyroid, papillary thyroid, lung"			ALK	"6801,ENSG00000115808.11,O43815,PPP2R6A,STRN,STRN1"
SUZ12	suppressor of zeste 12 homolog (Drosophila)	23512	17:31937018-32001045	1	endometrial stromal tumour			JAZF1	"23512,CHET9,ENSG00000178691.10,JJAZ1,KIAA0160,Q15022,SUZ12"
SYK	spleen tyrosine kinase	6850	9:90801787-90898549	1	"MDS, peripheral T-cell lymphoma"			"ETV6, ITK"	"6850,ENSG00000165025.14,P43405,SYK"
TAF15	"TAF15 RNA polymerase II, TATA box binding protein (TBP)-associated factor, 68kDa"	8148	17:35809455-35847242	1	"extraskeletal myxoid chondrosarcoma, ALL"			"NR4A3, CHN1, ZNF384"	"8148,ENSG00000270647.5,Npl3,Q92804,RBP56,TAF15,TAF2N,hTAFII68"
TAL1	T-cell acute lymphocytic leukemia 1 (SCL)	6886	1:47216292-47229771	1	lymphoblastic leukaemia/biphasic			"TRD, STIL"	"6886,ENSG00000162367.11,P17542,SCL,TAL1,TCL5,bHLHa17"
TAL2	T-cell acute lymphocytic leukemia 2	6887	9:105662457-105663112	1	T-ALL			TRB	"6887,ENSG00000186051.6,Q16559,TAL2,bHLHa19"
TCEA1	"transcription elongation factor A (SII), 1"	6917	8:53966556-54022529	1	salivary adenoma			PLAG1	"6917,ENSG00000187735.13,GTF2S,P23193,SII,TCEA,TCEA1,TF2S,TFIIS"
TCF12	"transcription factor 12 (HTF4, helix-loop-helix transcription factors 4)"	6938	15:56918623-57288514	1	extraskeletal myxoid chondrosarcoma			NR4A3	"6938,ENSG00000140262.17,HEB,HTF4,HsT17266,Q99081,TCF12,bHLHb20,p64"
TCF3	transcription factor 3 (E2A immunoglobulin enhancer binding factors E12/E47)	6929	19:1609290-1652329	1	pre B-ALL			"PBX1, HLF, TFPT"	"6929,E2A,E47,ENSG00000071564.14,ITF1,MGC129647,MGC129648,P15923,TCF3,VDIR,bHLHb21,p75"
TCF7L2	transcription factor 7-like 2	6934	10:112950407-113167493	1	colorectal			VTI1A	"6934,ENSG00000148737.16,Q9NQB0,TCF-4,TCF4,TCF7L2"
TCL1A	T-cell leukemia/lymphoma 1A	8115	14:95709968-95714196	1	T-CLL			TRA	"8115,ENSG00000100721.10,P56279,TCL1,TCL1A"
TET1	tet methylcytosine dioxygenase 1	80312	10:68560656-68694482	1	AML			KMT2A	"80312,CXXC6,ENSG00000138336.8,KIAA1676,LCX,Q8NFU7,TET1,bA119F7.1"
TFE3	transcription factor binding to IGHM enhancer 3	7030	X:49028731-49043486	1	"papillary renal, alveolar soft part sarcoma, renal"			"SFPQ, ASPSCR1, PRCC, NONO, CLTC"	"7030,ENSG00000068323.16,P19532,TFE3,TFEA,bHLHe33"
TFEB	transcription factor EB	7942	6:41683978-41736259	1	renal cell carcinoma (childhood epithelioid)			ALPHA	"7942,ENSG00000112561.17,TCFEB,TFEB,bHLHe35"
TFG	TRK-fused gene	10342	3:100709425-100748966	1	"papillary thyroid, ALCL, NSCLC, extraskeletal myxoid chondrosarcoma"			"NTRK1, ALK, NR4A3"	"10342,ENSG00000114354.13,FLJ36137,Q92734,SPG57,TF6,TFG"
TLX1	"T-cell leukemia, homeobox 1 (HOX11)"	3195	10:101130505-101137789	1	T-ALL			"TRB, TRD"	"3195,ENSG00000107807.12,HOX11,P31314,TCL3,TLX1"
TLX3	"T-cell leukemia, homeobox 3 (HOX11L2)"	30012	5:171309284-171312134	1	T-ALL			BCL11B	"30012,ENSG00000164438.5,HOX11L2,O43711,RNX,TLX3"
TMPRSS2	"transmembrane protease, serine 2"	7113	21:41464553-41508065	1	prostate			"ERG, ETV1, ETV4, ETV5"	"7113,ENSG00000184012.11,O15393,PRSS10,TMPRSS2"
TNFRSF17	"tumor necrosis factor receptor superfamily, member 17"	608	16:11965107-11968068	1	intestinal T-cell lymphoma			IL2	"608,BCM,BCMA,CD269,ENSG00000048462.10,Q02223,TNFRSF13A,TNFRSF17"
TOP1	topoisomerase (DNA) I	7150	20:41028818-41124487	1	AML*			NUP98	"7150,ENSG00000198900.5,P11387,TOP1"
TP53	tumor protein p53	7157	17:7668402-7687538	1	"breast, colorectal, lung, sarcoma, adrenocortical, glioma, Spitzoid tumour, multiple other tumour types"	"breast, sarcoma, adrenocortical carcinoma, glioma, multiple other tumour types"	Li-Fraumeni syndrome	NTRK1	"7157,ENSG00000141510.16,LFS1,P04637,TP53,p53"
TP63	tumor protein p63	8626	3:189631427-189897279	1	"HNSCC, DLBCL"	NSCLC		TBL1XR1	"8626,EEC3,ENSG00000073282.12,KET,NBP,OFC8,Q9H3D4,SHFM4,TP53CP,TP53L,TP63,TP73L,p51,p53CP,p63,p73H,p73L"
TPM3	tropomyosin 3	7170	1:154167465-154192211	1	"papillary thyroid, ALCL, NSCLC, Spitzoid tumour"			"NTRK1, ALK, ROS1"	"7170,ENSG00000143549.19,NEM1,P06753,TPM3,TRK"
TPM4	tropomyosin 4	7171	19:16067538-16102943	1	ALCL			ALK	"7171,ENSG00000167460.15,TPM4"
TPR	translocated promoter region	7175	1:186311652-186375325	1	"papillary thyroid, NSCLC"			"NTRK1, ALK"	"7175,ENSG00000047410.13,P12270,TPR"
TRA	T cell receptor alpha locus	6955	14:-	1	T-ALL			"ATL,OLIG2, MYC, TCL1A, TCL6, MTCP1, TCL6"	
TRB	T cell receptor beta locus	6957	7:-	1	T-ALL			"HOX11, LCK, NOTCH1, TAL2, LYL1"	
TRD	T cell receptor delta locus	6964	14:-	1	T-cell leukaemia			"TAL1, HOX11, TLX1, LMO1, LMO2, RANBP17"	
TRIM24	tripartite motif containing 24	8805	7:138460334-138589993	1	APL			RARA	"8805,ENSG00000122779.17,O15164,RNF82,TIF1,TIF1A,TRIM24,Tif1a,hTIF1"
TRIM27	tripartite motif-containing 27	5987	6:28903002-28923989	1	papillary thyroid			RET	"5987,ENSG00000204713.10,P14373,RFP,RNF76,TRIM27"
TRIM33	"tripartite motif-containing 33 (PTC7,TIF1G)"	51592	1:114392777-114511160	1	papillary thyroid			RET	"51592,ENSG00000197323.11,FLJ11429,KIAA1113,PTC7,Q9UPN9,RFG7,TF1G,TIF1G,TIF1GAMMA,TIFGAMMA,TRIM33"
TRIP11	thyroid hormone receptor interactor 11	9321	14:91965991-92040059	1	AML			PDGFRB	"9321,CEV14,ENSG00000100815.12,GMAP-210,GMAP210,Q15643,TRIP11,Trip230"
USP6	ubiquitin specific peptidase 6 (Tre-2 oncogene)	9098	17:5116438-5174991	1	aneurysmal bone cyst			"COL1A1, CDH11, CNBP, OMD, THRAP3"	"9098,ENSG00000129204.16,HRP1,P35125,TRE17,TRESMCR,Tre-2,Tre2,USP6"
WDCP	chromosome 2 open reading frame 44	80304	2:24029340-24047353	1	colorectal			ALK	"80304,C2orf44,ENSG00000163026.11,FLJ21945,MMAP,Q9H6R7,WDCP"
WIF1	WNT inhibitory factor 1	11197	12:65050626-65121566	1	pleomorphic salivary gland adenoma			HMGA2	"11197,ENSG00000156076.9,Q9Y5W5,WIF1"
WT1	Wilms tumour 1 gene	7490	11:32387775-32435630	1	"Wilms tumour, desmoplastic small round cell tumour"	Wilms tumour	"Denys-Drash syndrome, Frasier syndrome, familial Wilms tumour"	EWSR1	"7490,AWT1,ENSG00000184937.13,GUD,NPHS4,WAGR,WIT-2,WT1"
WWTR1	WW domain containing transcription regulator 1	25937	3:149517235-149703273	1	epithelioid haemangioendothelioma			CAMTA1	"25937,DKFZp586I1419,ENSG00000018408.14,Q9GZV5,TAZ,WWTR1"
YWHAE	"tyrosine 3-monooxygenase/tryptophan 5-monooxygenase activation protein, epsilon polypeptide (14-3-3 epsilon)"	7531	17:1344272-1400378	1	endometrial stromal sarcoma			"NUTM2A, NUTM2B"	"7531,ENSG00000108953.16,FLJ45465,P62258,YWHAE"
ZBTB16	zinc finger and BTB domain containing 16	7704	11:114059593-114250676	1	APL			RARA	"7704,ENSG00000109906.13,PLZF,Q05516,ZBTB16,ZNF145"
ZMYM2	zinc finger protein 198	7750	13:19958670-20091829	1	"MPN, NHL"			FGFR1	"7750,ENSG00000121741.16,FIM,MYM,Q9UBW7,RAMP,ZMYM2,ZNF198"
ZNF331	zinc finger protein 331	55422	19:53521024-53580269	1	follicular thyroid adenoma			?	"55422,ENSG00000130844.16,Q9NQX6,RITA,ZNF331,ZNF361,ZNF463"
ZNF384	zinc finger protein 384 (CIZ/NMP4)	171017	12:6666648-6689510	1	ALL			"EWSR1, TAF15"	"171017,CAGH1A,CIZ,ENSG00000126746.17,NMP4,NP,Q8TF68,TNRC1,ZNF384"
ZNF521	zinc finger protein 521	25925	18:25061926-25352152	1	ALL			PAX5	"25925,EHZF,ENSG00000198795.10,Evi3,Q96K83,ZNF521"
